flowId,timestamp,totalData,totalPackets
1,0.0,0.0,0
2,0.0,0.0,0
3,0.0,0.0,0
4,0.0,0.0,0
5,0.0,0.0,0
6,0.0,0.0,0
7,0.0,0.0,0
8,0.0,0.0,0
9,0.0,0.0,0
10,0.0,0.0,0
11,0.0,0.0,0
12,0.0,0.0,0
13,0.0,0.0,0
14,0.0,0.0,0
15,0.0,0.0,0
17,0.0,0.0,0
16,0.0,0.0,0
19,0.0,0.0,0
18,0.0,0.0,0
21,0.0,0.0,0
20,0.0,0.0,0
23,0.0,0.0,0
22,0.0,0.0,0
25,0.0,0.0,0
24,0.0,0.0,0
27,0.0,0.0,0
26,0.0,0.0,0
29,0.0,0.0,0
28,0.0,0.0,0
30,0.0,0.0,0
1,0.02,21000.0,21
2,0.02,42000.0,42
3,0.02,63000.0,63
4,0.02,84000.0,84
5,0.02,105000.0,105
6,0.02,126000.0,126
7,0.02,147000.0,147
8,0.02,168000.0,168
9,0.02,188000.0,188
10,0.02,209000.0,209
11,0.02,11000.0,11
12,0.02,21000.0,21
13,0.02,32000.0,32
14,0.02,42000.0,42
15,0.02,53000.0,53
17,0.02,74000.0,74
16,0.02,63000.0,63
19,0.02,95000.0,95
18,0.02,84000.0,84
21,0.02,166000.0,166
20,0.02,105000.0,105
23,0.02,166000.0,166
22,0.02,166000.0,166
25,0.02,166000.0,166
24,0.02,166000.0,166
27,0.02,166000.0,166
26,0.02,166000.0,166
29,0.02,188000.0,188
28,0.02,168000.0,168
30,0.02,209000.0,209
1,0.04,42000.0,42
2,0.04,84000.0,84
3,0.04,126000.0,126
4,0.04,168000.0,168
5,0.04,210000.0,210
6,0.04,252000.0,252
7,0.04,294000.0,294
8,0.04,335000.0,335
9,0.04,376000.0,376
10,0.04,419000.0,419
11,0.04,21000.0,21
12,0.04,42000.0,42
13,0.04,63000.0,63
14,0.04,84000.0,84
15,0.04,105000.0,105
17,0.04,147000.0,147
16,0.04,126000.0,126
19,0.04,189000.0,189
18,0.04,168000.0,168
21,0.04,333000.0,333
20,0.04,210000.0,210
23,0.04,333000.0,333
22,0.04,332000.0,332
25,0.04,333000.0,333
24,0.04,332000.0,332
27,0.04,332000.0,332
26,0.04,333000.0,333
29,0.04,377000.0,377
28,0.04,335000.0,335
30,0.04,419000.0,419
1,0.06,63000.0,63
2,0.06,126000.0,126
3,0.06,189000.0,189
4,0.06,252000.0,252
5,0.06,315000.0,315
6,0.06,378000.0,378
7,0.06,441000.0,441
8,0.06,503000.0,503
9,0.06,565000.0,565
10,0.06,629000.0,629
11,0.06,32000.0,32
12,0.06,63000.0,63
13,0.06,95000.0,95
14,0.06,126000.0,126
15,0.06,158000.0,158
17,0.06,220000.0,220
16,0.06,189000.0,189
19,0.06,283000.0,283
18,0.06,252000.0,252
21,0.06,498000.0,498
20,0.06,315000.0,315
23,0.06,498000.0,498
22,0.06,498000.0,498
25,0.06,499000.0,499
24,0.06,499000.0,499
27,0.06,498000.0,498
26,0.06,498000.0,498
29,0.06,566000.0,566
28,0.06,503000.0,503
30,0.06,628000.0,628
1,0.08,84000.0,84
2,0.08,168000.0,168
3,0.08,252000.0,252
4,0.08,336000.0,336
5,0.08,420000.0,420
6,0.08,504000.0,504
7,0.08,587000.0,587
8,0.08,671000.0,671
9,0.08,754000.0,754
10,0.08,838000.0,838
11,0.08,42000.0,42
12,0.08,84000.0,84
13,0.08,126000.0,126
14,0.08,168000.0,168
15,0.08,210000.0,210
17,0.08,294000.0,294
16,0.08,252000.0,252
19,0.08,378000.0,378
18,0.08,336000.0,336
21,0.08,665000.0,665
20,0.08,420000.0,420
23,0.08,664000.0,664
22,0.08,664000.0,664
25,0.08,664000.0,664
24,0.08,665000.0,665
27,0.08,665000.0,665
26,0.08,664000.0,664
29,0.08,754000.0,754
28,0.08,671000.0,671
30,0.08,838000.0,838
1,0.1,105000.0,105
2,0.1,210000.0,210
3,0.1,315000.0,315
4,0.1,420000.0,420
5,0.1,525000.0,525
6,0.1,629000.0,629
7,0.1,734000.0,734
8,0.1,839000.0,839
9,0.1,942000.0,942
10,0.1,1048000.0,1048
11,0.1,53000.0,53
12,0.1,105000.0,105
13,0.1,158000.0,158
14,0.1,210000.0,210
15,0.1,263000.0,263
17,0.1,367000.0,367
16,0.1,315000.0,315
19,0.1,472000.0,472
18,0.1,420000.0,420
21,0.1,830000.0,830
20,0.1,525000.0,525
23,0.1,831000.0,831
22,0.1,830000.0,830
25,0.1,830000.0,830
24,0.1,830000.0,830
27,0.1,831000.0,831
26,0.1,831000.0,831
29,0.1,943000.0,943
28,0.1,838000.0,838
30,0.1,1048000.0,1048
1,0.12000000000000001,126000.0,126
2,0.12000000000000001,252000.0,252
3,0.12000000000000001,378000.0,378
4,0.12000000000000001,504000.0,504
5,0.12000000000000001,629000.0,629
6,0.12000000000000001,755000.0,755
7,0.12000000000000001,881000.0,881
8,0.12000000000000001,1006000.0,1006
9,0.12000000000000001,1131000.0,1131
10,0.12000000000000001,1258000.0,1258
11,0.12000000000000001,63000.0,63
12,0.12000000000000001,126000.0,126
13,0.12000000000000001,189000.0,189
14,0.12000000000000001,252000.0,252
15,0.12000000000000001,315000.0,315
17,0.12000000000000001,441000.0,441
16,0.12000000000000001,378000.0,378
19,0.12000000000000001,567000.0,567
18,0.12000000000000001,504000.0,504
21,0.12000000000000001,996000.0,996
20,0.12000000000000001,630000.0,630
23,0.12000000000000001,997000.0,997
22,0.12000000000000001,996000.0,996
25,0.12000000000000001,997000.0,997
24,0.12000000000000001,996000.0,996
27,0.12000000000000001,997000.0,997
26,0.12000000000000001,997000.0,997
29,0.12000000000000001,1132000.0,1132
28,0.12000000000000001,1006000.0,1006
30,0.12000000000000001,1258000.0,1258
1,0.14,147000.0,147
2,0.14,294000.0,294
3,0.14,441000.0,441
4,0.14,588000.0,588
5,0.14,734000.0,734
6,0.14,881000.0,881
7,0.14,1027000.0,1027
8,0.14,1174000.0,1174
9,0.14,1320000.0,1320
10,0.14,1467000.0,1467
11,0.14,74000.0,74
12,0.14,147000.0,147
13,0.14,221000.0,221
14,0.14,294000.0,294
15,0.14,367000.0,367
17,0.14,514000.0,514
16,0.14,441000.0,441
19,0.14,661000.0,661
18,0.14,588000.0,588
21,0.14,1163000.0,1163
20,0.14,734000.0,734
23,0.14,1162000.0,1162
22,0.14,1163000.0,1163
25,0.14,1163000.0,1163
24,0.14,1163000.0,1163
27,0.14,1163000.0,1163
26,0.14,1163000.0,1163
29,0.14,1321000.0,1321
28,0.14,1174000.0,1174
30,0.14,1467000.0,1467
1,0.16,168000.0,168
2,0.16,336000.0,336
3,0.16,504000.0,504
4,0.16,671000.0,671
5,0.16,839000.0,839
6,0.16,1007000.0,1007
7,0.16,1174000.0,1174
8,0.16,1342000.0,1342
9,0.16,1508000.0,1508
10,0.16,1677000.0,1677
11,0.16,84000.0,84
12,0.16,168000.0,168
13,0.16,252000.0,252
14,0.16,336000.0,336
15,0.16,420000.0,420
17,0.16,587000.0,587
16,0.16,504000.0,504
19,0.16,755000.0,755
18,0.16,672000.0,672
21,0.16,1329000.0,1329
20,0.16,839000.0,839
23,0.16,1329000.0,1329
22,0.16,1329000.0,1329
25,0.16,1330000.0,1330
24,0.16,1329000.0,1329
27,0.16,1329000.0,1329
26,0.16,1329000.0,1329
29,0.16,1509000.0,1509
28,0.16,1342000.0,1342
30,0.16,1677000.0,1677
1,0.18,189000.0,189
2,0.18,378000.0,378
3,0.18,567000.0,567
4,0.18,755000.0,755
5,0.18,944000.0,944
6,0.18,1133000.0,1133
7,0.18,1321000.0,1321
8,0.18,1509000.0,1509
9,0.18,1697000.0,1697
10,0.18,1887000.0,1887
11,0.18,95000.0,95
12,0.18,189000.0,189
13,0.18,284000.0,284
14,0.18,378000.0,378
15,0.18,472000.0,472
17,0.18,661000.0,661
16,0.18,567000.0,567
19,0.18,850000.0,850
18,0.18,755000.0,755
21,0.18,1495000.0,1495
20,0.18,944000.0,944
23,0.18,1495000.0,1495
22,0.18,1495000.0,1495
25,0.18,1495000.0,1495
24,0.18,1495000.0,1495
27,0.18,1496000.0,1496
26,0.18,1495000.0,1495
29,0.18,1698000.0,1698
28,0.18,1509000.0,1509
30,0.18,1886000.0,1886
1,0.19999999999999998,210000.0,210
2,0.19999999999999998,420000.0,420
3,0.19999999999999998,629000.0,629
4,0.19999999999999998,839000.0,839
5,0.19999999999999998,1049000.0,1049
6,0.19999999999999998,1259000.0,1259
7,0.19999999999999998,1468000.0,1468
8,0.19999999999999998,1677000.0,1677
9,0.19999999999999998,1886000.0,1886
10,0.19999999999999998,2096000.0,2096
11,0.19999999999999998,105000.0,105
12,0.19999999999999998,210000.0,210
13,0.19999999999999998,315000.0,315
14,0.19999999999999998,420000.0,420
15,0.19999999999999998,524000.0,524
17,0.19999999999999998,734000.0,734
16,0.19999999999999998,630000.0,630
19,0.19999999999999998,944000.0,944
18,0.19999999999999998,839000.0,839
21,0.19999999999999998,1661000.0,1661
20,0.19999999999999998,1049000.0,1049
23,0.19999999999999998,1661000.0,1661
22,0.19999999999999998,1662000.0,1662
25,0.19999999999999998,1661000.0,1661
24,0.19999999999999998,1662000.0,1662
27,0.19999999999999998,1661000.0,1661
26,0.19999999999999998,1662000.0,1662
29,0.19999999999999998,1887000.0,1887
28,0.19999999999999998,1677000.0,1677
30,0.19999999999999998,2096000.0,2096
1,0.21999999999999997,231000.0,231
2,0.21999999999999997,462000.0,462
3,0.21999999999999997,692000.0,692
4,0.21999999999999997,923000.0,923
5,0.21999999999999997,1154000.0,1154
6,0.21999999999999997,1385000.0,1385
7,0.21999999999999997,1614000.0,1614
8,0.21999999999999997,1845000.0,1845
9,0.21999999999999997,2074000.0,2074
10,0.21999999999999997,2306000.0,2306
11,0.21999999999999997,116000.0,116
12,0.21999999999999997,231000.0,231
13,0.21999999999999997,346000.0,346
14,0.21999999999999997,462000.0,462
15,0.21999999999999997,577000.0,577
17,0.21999999999999997,808000.0,808
16,0.21999999999999997,692000.0,692
19,0.21999999999999997,1038000.0,1038
18,0.21999999999999997,923000.0,923
21,0.21999999999999997,1828000.0,1828
20,0.21999999999999997,1154000.0,1154
23,0.21999999999999997,1827000.0,1827
22,0.21999999999999997,1828000.0,1828
25,0.21999999999999997,1828000.0,1828
24,0.21999999999999997,1828000.0,1828
27,0.21999999999999997,1828000.0,1828
26,0.21999999999999997,1827000.0,1827
29,0.21999999999999997,2075000.0,2075
28,0.21999999999999997,1845000.0,1845
30,0.21999999999999997,2306000.0,2306
1,0.23999999999999996,252000.0,252
2,0.23999999999999996,504000.0,504
3,0.23999999999999996,755000.0,755
4,0.23999999999999996,1007000.0,1007
5,0.23999999999999996,1259000.0,1259
6,0.23999999999999996,1510000.0,1510
7,0.23999999999999996,1762000.0,1762
8,0.23999999999999996,2013000.0,2013
9,0.23999999999999996,2263000.0,2263
10,0.23999999999999996,2515000.0,2515
11,0.23999999999999996,126000.0,126
12,0.23999999999999996,252000.0,252
13,0.23999999999999996,378000.0,378
14,0.23999999999999996,504000.0,504
15,0.23999999999999996,630000.0,630
17,0.23999999999999996,881000.0,881
16,0.23999999999999996,755000.0,755
19,0.23999999999999996,1133000.0,1133
18,0.23999999999999996,1007000.0,1007
21,0.23999999999999996,1994000.0,1994
20,0.23999999999999996,1259000.0,1259
23,0.23999999999999996,1994000.0,1994
22,0.23999999999999996,1994000.0,1994
25,0.23999999999999996,1994000.0,1994
24,0.23999999999999996,1993000.0,1993
27,0.23999999999999996,1994000.0,1994
26,0.23999999999999996,1993000.0,1993
29,0.23999999999999996,2264000.0,2264
28,0.23999999999999996,2012000.0,2012
30,0.23999999999999996,2515000.0,2515
1,0.25999999999999995,273000.0,273
2,0.25999999999999995,546000.0,546
3,0.25999999999999995,818000.0,818
4,0.25999999999999995,1091000.0,1091
5,0.25999999999999995,1364000.0,1364
6,0.25999999999999995,1636000.0,1636
7,0.25999999999999995,1909000.0,1909
8,0.25999999999999995,2180000.0,2180
9,0.25999999999999995,2452000.0,2452
10,0.25999999999999995,2725000.0,2725
11,0.25999999999999995,137000.0,137
12,0.25999999999999995,273000.0,273
13,0.25999999999999995,409000.0,409
14,0.25999999999999995,546000.0,546
15,0.25999999999999995,682000.0,682
17,0.25999999999999995,955000.0,955
16,0.25999999999999995,818000.0,818
19,0.25999999999999995,1227000.0,1227
18,0.25999999999999995,1091000.0,1091
21,0.25999999999999995,2159000.0,2159
20,0.25999999999999995,1363000.0,1363
23,0.25999999999999995,2160000.0,2160
22,0.25999999999999995,2159000.0,2159
25,0.25999999999999995,2160000.0,2160
24,0.25999999999999995,2159000.0,2159
27,0.25999999999999995,2161000.0,2161
26,0.25999999999999995,2160000.0,2160
29,0.25999999999999995,2453000.0,2453
28,0.25999999999999995,2180000.0,2180
30,0.25999999999999995,2725000.0,2725
1,0.27999999999999997,294000.0,294
2,0.27999999999999997,588000.0,588
3,0.27999999999999997,881000.0,881
4,0.27999999999999997,1175000.0,1175
5,0.27999999999999997,1468000.0,1468
6,0.27999999999999997,1762000.0,1762
7,0.27999999999999997,2056000.0,2056
8,0.27999999999999997,2348000.0,2348
9,0.27999999999999997,2640000.0,2640
10,0.27999999999999997,2935000.0,2935
11,0.27999999999999997,147000.0,147
12,0.27999999999999997,294000.0,294
13,0.27999999999999997,441000.0,441
14,0.27999999999999997,587000.0,587
15,0.27999999999999997,734000.0,734
17,0.27999999999999997,1028000.0,1028
16,0.27999999999999997,881000.0,881
19,0.27999999999999997,1321000.0,1321
18,0.27999999999999997,1175000.0,1175
21,0.27999999999999997,2326000.0,2326
20,0.27999999999999997,1468000.0,1468
23,0.27999999999999997,2326000.0,2326
22,0.27999999999999997,2326000.0,2326
25,0.27999999999999997,2327000.0,2327
24,0.27999999999999997,2326000.0,2326
27,0.27999999999999997,2326000.0,2326
26,0.27999999999999997,2326000.0,2326
29,0.27999999999999997,2641000.0,2641
28,0.27999999999999997,2348000.0,2348
30,0.27999999999999997,2935000.0,2935
1,0.3,315000.0,315
2,0.3,630000.0,630
3,0.3,944000.0,944
4,0.3,1259000.0,1259
5,0.3,1573000.0,1573
6,0.3,1888000.0,1888
7,0.3,2202000.0,2202
8,0.3,2516000.0,2516
9,0.3,2829000.0,2829
10,0.3,3145000.0,3145
11,0.3,158000.0,158
12,0.3,315000.0,315
13,0.3,472000.0,472
14,0.3,629000.0,629
15,0.3,787000.0,787
17,0.3,1101000.0,1101
16,0.3,944000.0,944
19,0.3,1416000.0,1416
18,0.3,1259000.0,1259
21,0.3,2492000.0,2492
20,0.3,1573000.0,1573
23,0.3,2492000.0,2492
22,0.3,2492000.0,2492
25,0.3,2492000.0,2492
24,0.3,2492000.0,2492
27,0.3,2492000.0,2492
26,0.3,2493000.0,2493
29,0.3,2830000.0,2830
28,0.3,2516000.0,2516
30,0.3,3144000.0,3144
1,0.32,336000.0,336
2,0.32,672000.0,672
3,0.32,1007000.0,1007
4,0.32,1343000.0,1343
5,0.32,1678000.0,1678
6,0.32,2013000.0,2013
7,0.32,2349000.0,2349
8,0.32,2683000.0,2683
9,0.32,3018000.0,3018
10,0.32,3354000.0,3354
11,0.32,168000.0,168
12,0.32,336000.0,336
13,0.32,504000.0,504
14,0.32,672000.0,672
15,0.32,839000.0,839
17,0.32,1175000.0,1175
16,0.32,1007000.0,1007
19,0.32,1510000.0,1510
18,0.32,1342000.0,1342
21,0.32,2658000.0,2658
20,0.32,1678000.0,1678
23,0.32,2659000.0,2659
22,0.32,2658000.0,2658
25,0.32,2658000.0,2658
24,0.32,2659000.0,2659
27,0.32,2659000.0,2659
26,0.32,2659000.0,2659
29,0.32,3018000.0,3018
28,0.32,2683000.0,2683
30,0.32,3354000.0,3354
1,0.34,357000.0,357
2,0.34,713000.0,713
3,0.34,1070000.0,1070
4,0.34,1426000.0,1426
5,0.34,1783000.0,1783
6,0.34,2140000.0,2140
7,0.34,2496000.0,2496
8,0.34,2851000.0,2851
9,0.34,3206000.0,3206
10,0.34,3564000.0,3564
11,0.34,179000.0,179
12,0.34,357000.0,357
13,0.34,535000.0,535
14,0.34,713000.0,713
15,0.34,892000.0,892
17,0.34,1248000.0,1248
16,0.34,1070000.0,1070
19,0.34,1605000.0,1605
18,0.34,1426000.0,1426
21,0.34,2825000.0,2825
20,0.34,1783000.0,1783
23,0.34,2825000.0,2825
22,0.34,2824000.0,2824
25,0.34,2824000.0,2824
24,0.34,2825000.0,2825
27,0.34,2825000.0,2825
26,0.34,2824000.0,2824
29,0.34,3207000.0,3207
28,0.34,2851000.0,2851
30,0.34,3564000.0,3564
1,0.36000000000000004,378000.0,378
2,0.36000000000000004,755000.0,755
3,0.36000000000000004,1133000.0,1133
4,0.36000000000000004,1510000.0,1510
5,0.36000000000000004,1887000.0,1887
6,0.36000000000000004,2265000.0,2265
7,0.36000000000000004,2643000.0,2643
8,0.36000000000000004,3019000.0,3019
9,0.36000000000000004,3395000.0,3395
10,0.36000000000000004,3773000.0,3773
11,0.36000000000000004,189000.0,189
12,0.36000000000000004,378000.0,378
13,0.36000000000000004,567000.0,567
14,0.36000000000000004,755000.0,755
15,0.36000000000000004,944000.0,944
17,0.36000000000000004,1322000.0,1322
16,0.36000000000000004,1133000.0,1133
19,0.36000000000000004,1699000.0,1699
18,0.36000000000000004,1510000.0,1510
21,0.36000000000000004,2991000.0,2991
20,0.36000000000000004,1887000.0,1887
23,0.36000000000000004,2991000.0,2991
22,0.36000000000000004,2991000.0,2991
25,0.36000000000000004,2991000.0,2991
24,0.36000000000000004,2992000.0,2992
27,0.36000000000000004,2991000.0,2991
26,0.36000000000000004,2990000.0,2990
29,0.36000000000000004,3396000.0,3396
28,0.36000000000000004,3019000.0,3019
30,0.36000000000000004,3773000.0,3773
1,0.38000000000000006,399000.0,399
2,0.38000000000000006,797000.0,797
3,0.38000000000000006,1196000.0,1196
4,0.38000000000000006,1594000.0,1594
5,0.38000000000000006,1992000.0,1992
6,0.38000000000000006,2391000.0,2391
7,0.38000000000000006,2789000.0,2789
8,0.38000000000000006,3187000.0,3187
9,0.38000000000000006,3584000.0,3584
10,0.38000000000000006,3983000.0,3983
11,0.38000000000000006,200000.0,200
12,0.38000000000000006,399000.0,399
13,0.38000000000000006,598000.0,598
14,0.38000000000000006,797000.0,797
15,0.38000000000000006,996000.0,996
17,0.38000000000000006,1395000.0,1395
16,0.38000000000000006,1196000.0,1196
19,0.38000000000000006,1793000.0,1793
18,0.38000000000000006,1594000.0,1594
21,0.38000000000000006,3157000.0,3157
20,0.38000000000000006,1993000.0,1993
23,0.38000000000000006,3157000.0,3157
22,0.38000000000000006,3157000.0,3157
25,0.38000000000000006,3157000.0,3157
24,0.38000000000000006,3157000.0,3157
27,0.38000000000000006,3157000.0,3157
26,0.38000000000000006,3157000.0,3157
29,0.38000000000000006,3585000.0,3585
28,0.38000000000000006,3186000.0,3186
30,0.38000000000000006,3983000.0,3983
1,0.4000000000000001,420000.0,420
2,0.4000000000000001,839000.0,839
3,0.4000000000000001,1259000.0,1259
4,0.4000000000000001,1678000.0,1678
5,0.4000000000000001,2097000.0,2097
6,0.4000000000000001,2517000.0,2517
7,0.4000000000000001,2936000.0,2936
8,0.4000000000000001,3354000.0,3354
9,0.4000000000000001,3772000.0,3772
10,0.4000000000000001,4193000.0,4193
11,0.4000000000000001,210000.0,210
12,0.4000000000000001,420000.0,420
13,0.4000000000000001,630000.0,630
14,0.4000000000000001,839000.0,839
15,0.4000000000000001,1049000.0,1049
17,0.4000000000000001,1468000.0,1468
16,0.4000000000000001,1259000.0,1259
19,0.4000000000000001,1888000.0,1888
18,0.4000000000000001,1678000.0,1678
21,0.4000000000000001,3323000.0,3323
20,0.4000000000000001,2098000.0,2098
23,0.4000000000000001,3323000.0,3323
22,0.4000000000000001,3323000.0,3323
25,0.4000000000000001,3324000.0,3324
24,0.4000000000000001,3323000.0,3323
27,0.4000000000000001,3323000.0,3323
26,0.4000000000000001,3323000.0,3323
29,0.4000000000000001,3773000.0,3773
28,0.4000000000000001,3354000.0,3354
30,0.4000000000000001,4193000.0,4193
1,0.4200000000000001,441000.0,441
2,0.4200000000000001,881000.0,881
3,0.4200000000000001,1321000.0,1321
4,0.4200000000000001,1762000.0,1762
5,0.4200000000000001,2202000.0,2202
6,0.4200000000000001,2643000.0,2643
7,0.4200000000000001,3083000.0,3083
8,0.4200000000000001,3522000.0,3522
9,0.4200000000000001,3961000.0,3961
10,0.4200000000000001,4402000.0,4402
11,0.4200000000000001,221000.0,221
12,0.4200000000000001,441000.0,441
13,0.4200000000000001,661000.0,661
14,0.4200000000000001,881000.0,881
15,0.4200000000000001,1101000.0,1101
17,0.4200000000000001,1542000.0,1542
16,0.4200000000000001,1322000.0,1322
19,0.4200000000000001,1982000.0,1982
18,0.4200000000000001,1762000.0,1762
21,0.4200000000000001,3489000.0,3489
20,0.4200000000000001,2202000.0,2202
23,0.4200000000000001,3490000.0,3490
22,0.4200000000000001,3489000.0,3489
25,0.4200000000000001,3489000.0,3489
24,0.4200000000000001,3489000.0,3489
27,0.4200000000000001,3490000.0,3490
26,0.4200000000000001,3490000.0,3490
29,0.4200000000000001,3962000.0,3962
28,0.4200000000000001,3522000.0,3522
30,0.4200000000000001,4402000.0,4402
1,0.4400000000000001,462000.0,462
2,0.4400000000000001,923000.0,923
3,0.4400000000000001,1384000.0,1384
4,0.4400000000000001,1846000.0,1846
5,0.4400000000000001,2307000.0,2307
6,0.4400000000000001,2768000.0,2768
7,0.4400000000000001,3230000.0,3230
8,0.4400000000000001,3690000.0,3690
9,0.4400000000000001,4149000.0,4149
10,0.4400000000000001,4612000.0,4612
11,0.4400000000000001,231000.0,231
12,0.4400000000000001,462000.0,462
13,0.4400000000000001,692000.0,692
14,0.4400000000000001,923000.0,923
15,0.4400000000000001,1154000.0,1154
17,0.4400000000000001,1615000.0,1615
16,0.4400000000000001,1384000.0,1384
19,0.4400000000000001,2076000.0,2076
18,0.4400000000000001,1846000.0,1846
21,0.4400000000000001,3656000.0,3656
20,0.4400000000000001,2307000.0,2307
23,0.4400000000000001,3656000.0,3656
22,0.4400000000000001,3656000.0,3656
25,0.4400000000000001,3656000.0,3656
24,0.4400000000000001,3656000.0,3656
27,0.4400000000000001,3656000.0,3656
26,0.4400000000000001,3655000.0,3655
29,0.4400000000000001,4150000.0,4150
28,0.4400000000000001,3690000.0,3690
30,0.4400000000000001,4612000.0,4612
1,0.46000000000000013,483000.0,483
2,0.46000000000000013,965000.0,965
3,0.46000000000000013,1447000.0,1447
4,0.46000000000000013,1930000.0,1930
5,0.46000000000000013,2412000.0,2412
6,0.46000000000000013,2894000.0,2894
7,0.46000000000000013,3376000.0,3376
8,0.46000000000000013,3857000.0,3857
9,0.46000000000000013,4338000.0,4338
10,0.46000000000000013,4822000.0,4822
11,0.46000000000000013,242000.0,242
12,0.46000000000000013,483000.0,483
13,0.46000000000000013,724000.0,724
14,0.46000000000000013,965000.0,965
15,0.46000000000000013,1206000.0,1206
17,0.46000000000000013,1688000.0,1688
16,0.46000000000000013,1447000.0,1447
19,0.46000000000000013,2171000.0,2171
18,0.46000000000000013,1930000.0,1930
21,0.46000000000000013,3822000.0,3822
20,0.46000000000000013,2412000.0,2412
23,0.46000000000000013,3822000.0,3822
22,0.46000000000000013,3822000.0,3822
25,0.46000000000000013,3822000.0,3822
24,0.46000000000000013,3822000.0,3822
27,0.46000000000000013,3822000.0,3822
26,0.46000000000000013,3821000.0,3821
29,0.46000000000000013,4339000.0,4339
28,0.46000000000000013,3857000.0,3857
30,0.46000000000000013,4822000.0,4822
1,0.48000000000000015,504000.0,504
2,0.48000000000000015,1007000.0,1007
3,0.48000000000000015,1510000.0,1510
4,0.48000000000000015,2014000.0,2014
5,0.48000000000000015,2517000.0,2517
6,0.48000000000000015,3020000.0,3020
7,0.48000000000000015,3523000.0,3523
8,0.48000000000000015,4025000.0,4025
9,0.48000000000000015,4527000.0,4527
10,0.48000000000000015,5031000.0,5031
11,0.48000000000000015,252000.0,252
12,0.48000000000000015,504000.0,504
13,0.48000000000000015,755000.0,755
14,0.48000000000000015,1007000.0,1007
15,0.48000000000000015,1259000.0,1259
17,0.48000000000000015,1762000.0,1762
16,0.48000000000000015,1510000.0,1510
19,0.48000000000000015,2265000.0,2265
18,0.48000000000000015,2014000.0,2014
21,0.48000000000000015,3988000.0,3988
20,0.48000000000000015,2517000.0,2517
23,0.48000000000000015,3989000.0,3989
22,0.48000000000000015,3988000.0,3988
25,0.48000000000000015,3988000.0,3988
24,0.48000000000000015,3988000.0,3988
27,0.48000000000000015,3988000.0,3988
26,0.48000000000000015,3988000.0,3988
29,0.48000000000000015,4527000.0,4527
28,0.48000000000000015,4025000.0,4025
30,0.48000000000000015,5031000.0,5031
1,0.5000000000000001,525000.0,525
2,0.5000000000000001,1049000.0,1049
3,0.5000000000000001,1573000.0,1573
4,0.5000000000000001,2097000.0,2097
5,0.5000000000000001,2622000.0,2622
6,0.5000000000000001,3146000.0,3146
7,0.5000000000000001,3670000.0,3670
8,0.5000000000000001,4193000.0,4193
9,0.5000000000000001,4715000.0,4715
10,0.5000000000000001,5241000.0,5241
11,0.5000000000000001,263000.0,263
12,0.5000000000000001,525000.0,525
13,0.5000000000000001,787000.0,787
14,0.5000000000000001,1049000.0,1049
15,0.5000000000000001,1311000.0,1311
17,0.5000000000000001,1835000.0,1835
16,0.5000000000000001,1573000.0,1573
19,0.5000000000000001,2360000.0,2360
18,0.5000000000000001,2097000.0,2097
21,0.5000000000000001,4155000.0,4155
20,0.5000000000000001,2622000.0,2622
23,0.5000000000000001,4154000.0,4154
22,0.5000000000000001,4155000.0,4155
25,0.5000000000000001,4154000.0,4154
24,0.5000000000000001,4154000.0,4154
27,0.5000000000000001,4154000.0,4154
26,0.5000000000000001,4154000.0,4154
29,0.5000000000000001,4716000.0,4716
28,0.5000000000000001,4193000.0,4193
30,0.5000000000000001,5240000.0,5240
1,0.5200000000000001,546000.0,546
2,0.5200000000000001,1091000.0,1091
3,0.5200000000000001,1636000.0,1636
4,0.5200000000000001,2181000.0,2181
5,0.5200000000000001,2726000.0,2726
6,0.5200000000000001,3272000.0,3272
7,0.5200000000000001,3817000.0,3817
8,0.5200000000000001,4361000.0,4361
9,0.5200000000000001,4904000.0,4904
10,0.5200000000000001,5450000.0,5450
11,0.5200000000000001,273000.0,273
12,0.5200000000000001,546000.0,546
13,0.5200000000000001,818000.0,818
14,0.5200000000000001,1091000.0,1091
15,0.5200000000000001,1364000.0,1364
17,0.5200000000000001,1909000.0,1909
16,0.5200000000000001,1636000.0,1636
19,0.5200000000000001,2454000.0,2454
18,0.5200000000000001,2181000.0,2181
21,0.5200000000000001,4321000.0,4321
20,0.5200000000000001,2726000.0,2726
23,0.5200000000000001,4320000.0,4320
22,0.5200000000000001,4321000.0,4321
25,0.5200000000000001,4320000.0,4320
24,0.5200000000000001,4320000.0,4320
27,0.5200000000000001,4321000.0,4321
26,0.5200000000000001,4321000.0,4321
29,0.5200000000000001,4905000.0,4905
28,0.5200000000000001,4360000.0,4360
30,0.5200000000000001,5450000.0,5450
1,0.5400000000000001,567000.0,567
2,0.5400000000000001,1133000.0,1133
3,0.5400000000000001,1699000.0,1699
4,0.5400000000000001,2265000.0,2265
5,0.5400000000000001,2831000.0,2831
6,0.5400000000000001,3398000.0,3398
7,0.5400000000000001,3964000.0,3964
8,0.5400000000000001,4529000.0,4529
9,0.5400000000000001,5093000.0,5093
10,0.5400000000000001,5660000.0,5660
11,0.5400000000000001,284000.0,284
12,0.5400000000000001,567000.0,567
13,0.5400000000000001,850000.0,850
14,0.5400000000000001,1133000.0,1133
15,0.5400000000000001,1416000.0,1416
17,0.5400000000000001,1982000.0,1982
16,0.5400000000000001,1699000.0,1699
19,0.5400000000000001,2548000.0,2548
18,0.5400000000000001,2265000.0,2265
21,0.5400000000000001,4486000.0,4486
20,0.5400000000000001,2831000.0,2831
23,0.5400000000000001,4486000.0,4486
22,0.5400000000000001,4486000.0,4486
25,0.5400000000000001,4486000.0,4486
24,0.5400000000000001,4486000.0,4486
27,0.5400000000000001,4487000.0,4487
26,0.5400000000000001,4487000.0,4487
29,0.5400000000000001,5094000.0,5094
28,0.5400000000000001,4528000.0,4528
30,0.5400000000000001,5660000.0,5660
1,0.5600000000000002,588000.0,588
2,0.5600000000000002,1175000.0,1175
3,0.5600000000000002,1762000.0,1762
4,0.5600000000000002,2348000.0,2348
5,0.5600000000000002,2936000.0,2936
6,0.5600000000000002,3524000.0,3524
7,0.5600000000000002,4124000.0,4124
8,0.5600000000000002,4696000.0,4696
9,0.5600000000000002,5282000.0,5282
10,0.5600000000000002,5870000.0,5870
11,0.5600000000000002,294000.0,294
12,0.5600000000000002,587000.0,587
13,0.5600000000000002,881000.0,881
14,0.5600000000000002,1175000.0,1175
15,0.5600000000000002,1468000.0,1468
17,0.5600000000000002,2056000.0,2056
16,0.5600000000000002,1762000.0,1762
19,0.5600000000000002,2643000.0,2643
18,0.5600000000000002,2349000.0,2349
21,0.5600000000000002,4650000.0,4650
20,0.5600000000000002,2936000.0,2936
23,0.5600000000000002,4650000.0,4650
22,0.5600000000000002,4650000.0,4650
25,0.5600000000000002,4651000.0,4651
24,0.5600000000000002,4650000.0,4650
27,0.5600000000000002,4652000.0,4652
26,0.5600000000000002,4651000.0,4651
29,0.5600000000000002,5283000.0,5283
28,0.5600000000000002,4696000.0,4696
30,0.5600000000000002,5870000.0,5870
1,0.5800000000000002,609000.0,609
2,0.5800000000000002,1217000.0,1217
3,0.5800000000000002,1825000.0,1825
4,0.5800000000000002,2432000.0,2432
5,0.5800000000000002,3041000.0,3041
6,0.5800000000000002,3649000.0,3649
7,0.5800000000000002,4288000.0,4288
8,0.5800000000000002,4864000.0,4864
9,0.5800000000000002,5471000.0,5471
10,0.5800000000000002,6080000.0,6080
11,0.5800000000000002,304000.0,304
12,0.5800000000000002,608000.0,608
13,0.5800000000000002,912000.0,912
14,0.5800000000000002,1217000.0,1217
15,0.5800000000000002,1521000.0,1521
17,0.5800000000000002,2129000.0,2129
16,0.5800000000000002,1825000.0,1825
19,0.5800000000000002,2737000.0,2737
18,0.5800000000000002,2433000.0,2433
21,0.5800000000000002,4814000.0,4814
20,0.5800000000000002,3041000.0,3041
23,0.5800000000000002,4814000.0,4814
22,0.5800000000000002,4814000.0,4814
25,0.5800000000000002,4815000.0,4815
24,0.5800000000000002,4815000.0,4815
27,0.5800000000000002,4815000.0,4815
26,0.5800000000000002,4814000.0,4814
29,0.5800000000000002,5471000.0,5471
28,0.5800000000000002,4864000.0,4864
30,0.5800000000000002,6080000.0,6080
1,0.6000000000000002,630000.0,630
2,0.6000000000000002,1259000.0,1259
3,0.6000000000000002,1887000.0,1887
4,0.6000000000000002,2517000.0,2517
5,0.6000000000000002,3146000.0,3146
6,0.6000000000000002,3775000.0,3775
7,0.6000000000000002,4452000.0,4452
8,0.6000000000000002,5032000.0,5032
9,0.6000000000000002,5659000.0,5659
10,0.6000000000000002,6289000.0,6289
11,0.6000000000000002,315000.0,315
12,0.6000000000000002,629000.0,629
13,0.6000000000000002,944000.0,944
14,0.6000000000000002,1259000.0,1259
15,0.6000000000000002,1573000.0,1573
17,0.6000000000000002,2202000.0,2202
16,0.6000000000000002,1888000.0,1888
19,0.6000000000000002,2831000.0,2831
18,0.6000000000000002,2517000.0,2517
21,0.6000000000000002,4978000.0,4978
20,0.6000000000000002,3146000.0,3146
23,0.6000000000000002,4978000.0,4978
22,0.6000000000000002,4978000.0,4978
25,0.6000000000000002,4978000.0,4978
24,0.6000000000000002,4978000.0,4978
27,0.6000000000000002,4979000.0,4979
26,0.6000000000000002,4979000.0,4979
29,0.6000000000000002,5660000.0,5660
28,0.6000000000000002,5031000.0,5031
30,0.6000000000000002,6289000.0,6289
1,0.6200000000000002,650000.0,650
2,0.6200000000000002,1300000.0,1300
3,0.6200000000000002,1950000.0,1950
4,0.6200000000000002,2601000.0,2601
5,0.6200000000000002,3251000.0,3251
6,0.6200000000000002,3901000.0,3901
7,0.6200000000000002,4615000.0,4615
8,0.6200000000000002,5199000.0,5199
9,0.6200000000000002,5848000.0,5848
10,0.6200000000000002,6499000.0,6499
11,0.6200000000000002,325000.0,325
12,0.6200000000000002,650000.0,650
13,0.6200000000000002,975000.0,975
14,0.6200000000000002,1301000.0,1301
15,0.6200000000000002,1626000.0,1626
17,0.6200000000000002,2275000.0,2275
16,0.6200000000000002,1951000.0,1951
19,0.6200000000000002,2926000.0,2926
18,0.6200000000000002,2601000.0,2601
21,0.6200000000000002,5142000.0,5142
20,0.6200000000000002,3251000.0,3251
23,0.6200000000000002,5142000.0,5142
22,0.6200000000000002,5142000.0,5142
25,0.6200000000000002,5143000.0,5143
24,0.6200000000000002,5142000.0,5142
27,0.6200000000000002,5142000.0,5142
26,0.6200000000000002,5142000.0,5142
29,0.6200000000000002,5849000.0,5849
28,0.6200000000000002,5199000.0,5199
30,0.6200000000000002,6499000.0,6499
1,0.6400000000000002,671000.0,671
2,0.6400000000000002,1342000.0,1342
3,0.6400000000000002,2013000.0,2013
4,0.6400000000000002,2685000.0,2685
5,0.6400000000000002,3356000.0,3356
6,0.6400000000000002,4034000.0,4034
7,0.6400000000000002,4778000.0,4778
8,0.6400000000000002,5367000.0,5367
9,0.6400000000000002,6036000.0,6036
10,0.6400000000000002,6709000.0,6709
11,0.6400000000000002,336000.0,336
12,0.6400000000000002,671000.0,671
13,0.6400000000000002,1007000.0,1007
14,0.6400000000000002,1343000.0,1343
15,0.6400000000000002,1678000.0,1678
17,0.6400000000000002,2349000.0,2349
16,0.6400000000000002,2013000.0,2013
19,0.6400000000000002,3020000.0,3020
18,0.6400000000000002,2685000.0,2685
21,0.6400000000000002,5305000.0,5305
20,0.6400000000000002,3356000.0,3356
23,0.6400000000000002,5305000.0,5305
22,0.6400000000000002,5305000.0,5305
25,0.6400000000000002,5306000.0,5306
24,0.6400000000000002,5305000.0,5305
27,0.6400000000000002,5305000.0,5305
26,0.6400000000000002,5304000.0,5304
29,0.6400000000000002,6037000.0,6037
28,0.6400000000000002,5367000.0,5367
30,0.6400000000000002,6708000.0,6708
1,0.6600000000000003,692000.0,692
2,0.6600000000000003,1384000.0,1384
3,0.6600000000000003,2076000.0,2076
4,0.6600000000000003,2769000.0,2769
5,0.6600000000000003,3460000.0,3460
6,0.6600000000000003,4194000.0,4194
7,0.6600000000000003,4938000.0,4938
8,0.6600000000000003,5535000.0,5535
9,0.6600000000000003,6225000.0,6225
10,0.6600000000000003,6918000.0,6918
11,0.6600000000000003,346000.0,346
12,0.6600000000000003,692000.0,692
13,0.6600000000000003,1038000.0,1038
14,0.6600000000000003,1385000.0,1385
15,0.6600000000000003,1730000.0,1730
17,0.6600000000000003,2422000.0,2422
16,0.6600000000000003,2076000.0,2076
19,0.6600000000000003,3115000.0,3115
18,0.6600000000000003,2769000.0,2769
21,0.6600000000000003,5465000.0,5465
20,0.6600000000000003,3460000.0,3460
23,0.6600000000000003,5465000.0,5465
22,0.6600000000000003,5464000.0,5464
25,0.6600000000000003,5464000.0,5464
24,0.6600000000000003,5465000.0,5465
27,0.6600000000000003,5465000.0,5465
26,0.6600000000000003,5465000.0,5465
29,0.6600000000000003,6226000.0,6226
28,0.6600000000000003,5534000.0,5534
30,0.6600000000000003,6918000.0,6918
1,0.6800000000000003,714000.0,714
2,0.6800000000000003,1426000.0,1426
3,0.6800000000000003,2139000.0,2139
4,0.6800000000000003,2852000.0,2852
5,0.6800000000000003,3565000.0,3565
6,0.6800000000000003,4354000.0,4354
7,0.6800000000000003,5097000.0,5097
8,0.6800000000000003,5702000.0,5702
9,0.6800000000000003,6414000.0,6414
10,0.6800000000000003,7128000.0,7128
11,0.6800000000000003,357000.0,357
12,0.6800000000000003,713000.0,713
13,0.6800000000000003,1070000.0,1070
14,0.6800000000000003,1426000.0,1426
15,0.6800000000000003,1783000.0,1783
17,0.6800000000000003,2496000.0,2496
16,0.6800000000000003,2139000.0,2139
19,0.6800000000000003,3209000.0,3209
18,0.6800000000000003,2852000.0,2852
21,0.6800000000000003,5624000.0,5624
20,0.6800000000000003,3565000.0,3565
23,0.6800000000000003,5624000.0,5624
22,0.6800000000000003,5624000.0,5624
25,0.6800000000000003,5624000.0,5624
24,0.6800000000000003,5624000.0,5624
27,0.6800000000000003,5625000.0,5625
26,0.6800000000000003,5624000.0,5624
29,0.6800000000000003,6415000.0,6415
28,0.6800000000000003,5702000.0,5702
30,0.6800000000000003,7128000.0,7128
1,0.7000000000000003,734000.0,734
2,0.7000000000000003,1468000.0,1468
3,0.7000000000000003,2202000.0,2202
4,0.7000000000000003,2936000.0,2936
5,0.7000000000000003,3670000.0,3670
6,0.7000000000000003,4514000.0,4514
7,0.7000000000000003,5256000.0,5256
8,0.7000000000000003,5870000.0,5870
9,0.7000000000000003,6602000.0,6602
10,0.7000000000000003,7338000.0,7338
11,0.7000000000000003,367000.0,367
12,0.7000000000000003,734000.0,734
13,0.7000000000000003,1101000.0,1101
14,0.7000000000000003,1468000.0,1468
15,0.7000000000000003,1835000.0,1835
17,0.7000000000000003,2569000.0,2569
16,0.7000000000000003,2202000.0,2202
19,0.7000000000000003,3303000.0,3303
18,0.7000000000000003,2936000.0,2936
21,0.7000000000000003,5784000.0,5784
20,0.7000000000000003,3670000.0,3670
23,0.7000000000000003,5785000.0,5785
22,0.7000000000000003,5784000.0,5784
25,0.7000000000000003,5784000.0,5784
24,0.7000000000000003,5784000.0,5784
27,0.7000000000000003,5783000.0,5783
26,0.7000000000000003,5784000.0,5784
29,0.7000000000000003,6603000.0,6603
28,0.7000000000000003,5870000.0,5870
30,0.7000000000000003,7338000.0,7338
1,0.7200000000000003,755000.0,755
2,0.7200000000000003,1510000.0,1510
3,0.7200000000000003,2265000.0,2265
4,0.7200000000000003,3020000.0,3020
5,0.7200000000000003,3775000.0,3775
6,0.7200000000000003,4672000.0,4672
7,0.7200000000000003,5416000.0,5416
8,0.7200000000000003,6038000.0,6038
9,0.7200000000000003,6791000.0,6791
10,0.7200000000000003,7547000.0,7547
11,0.7200000000000003,378000.0,378
12,0.7200000000000003,755000.0,755
13,0.7200000000000003,1133000.0,1133
14,0.7200000000000003,1510000.0,1510
15,0.7200000000000003,1888000.0,1888
17,0.7200000000000003,2643000.0,2643
16,0.7200000000000003,2265000.0,2265
19,0.7200000000000003,3398000.0,3398
18,0.7200000000000003,3020000.0,3020
21,0.7200000000000003,5943000.0,5943
20,0.7200000000000003,3775000.0,3775
23,0.7200000000000003,5944000.0,5944
22,0.7200000000000003,5943000.0,5943
25,0.7200000000000003,5943000.0,5943
24,0.7200000000000003,5943000.0,5943
27,0.7200000000000003,5943000.0,5943
26,0.7200000000000003,5943000.0,5943
29,0.7200000000000003,6792000.0,6792
28,0.7200000000000003,6038000.0,6038
30,0.7200000000000003,7547000.0,7547
1,0.7400000000000003,776000.0,776
2,0.7400000000000003,1552000.0,1552
3,0.7400000000000003,2328000.0,2328
4,0.7400000000000003,3104000.0,3104
5,0.7400000000000003,3880000.0,3880
6,0.7400000000000003,4832000.0,4832
7,0.7400000000000003,5575000.0,5575
8,0.7400000000000003,6205000.0,6205
9,0.7400000000000003,6980000.0,6980
10,0.7400000000000003,7757000.0,7757
11,0.7400000000000003,388000.0,388
12,0.7400000000000003,776000.0,776
13,0.7400000000000003,1164000.0,1164
14,0.7400000000000003,1552000.0,1552
15,0.7400000000000003,1940000.0,1940
17,0.7400000000000003,2716000.0,2716
16,0.7400000000000003,2328000.0,2328
19,0.7400000000000003,3492000.0,3492
18,0.7400000000000003,3104000.0,3104
21,0.7400000000000003,6103000.0,6103
20,0.7400000000000003,3880000.0,3880
23,0.7400000000000003,6103000.0,6103
22,0.7400000000000003,6103000.0,6103
25,0.7400000000000003,6103000.0,6103
24,0.7400000000000003,6103000.0,6103
27,0.7400000000000003,6103000.0,6103
26,0.7400000000000003,6102000.0,6102
29,0.7400000000000003,6981000.0,6981
28,0.7400000000000003,6205000.0,6205
30,0.7400000000000003,7757000.0,7757
1,0.7600000000000003,797000.0,797
2,0.7600000000000003,1594000.0,1594
3,0.7600000000000003,2391000.0,2391
4,0.7600000000000003,3188000.0,3188
5,0.7600000000000003,3985000.0,3985
6,0.7600000000000003,4992000.0,4992
7,0.7600000000000003,5735000.0,5735
8,0.7600000000000003,6373000.0,6373
9,0.7600000000000003,7168000.0,7168
10,0.7600000000000003,7967000.0,7967
11,0.7600000000000003,399000.0,399
12,0.7600000000000003,797000.0,797
13,0.7600000000000003,1196000.0,1196
14,0.7600000000000003,1594000.0,1594
15,0.7600000000000003,1993000.0,1993
17,0.7600000000000003,2790000.0,2790
16,0.7600000000000003,2391000.0,2391
19,0.7600000000000003,3586000.0,3586
18,0.7600000000000003,3188000.0,3188
21,0.7600000000000003,6262000.0,6262
20,0.7600000000000003,3985000.0,3985
23,0.7600000000000003,6262000.0,6262
22,0.7600000000000003,6262000.0,6262
25,0.7600000000000003,6262000.0,6262
24,0.7600000000000003,6262000.0,6262
27,0.7600000000000003,6263000.0,6263
26,0.7600000000000003,6262000.0,6262
29,0.7600000000000003,7169000.0,7169
28,0.7600000000000003,6373000.0,6373
30,0.7600000000000003,7966000.0,7966
1,0.7800000000000004,818000.0,818
2,0.7800000000000004,1636000.0,1636
3,0.7800000000000004,2454000.0,2454
4,0.7800000000000004,3272000.0,3272
5,0.7800000000000004,4122000.0,4122
6,0.7800000000000004,5137000.0,5137
7,0.7800000000000004,5884000.0,5884
8,0.7800000000000004,6541000.0,6541
9,0.7800000000000004,7357000.0,7357
10,0.7800000000000004,8176000.0,8176
11,0.7800000000000004,409000.0,409
12,0.7800000000000004,818000.0,818
13,0.7800000000000004,1227000.0,1227
14,0.7800000000000004,1636000.0,1636
15,0.7800000000000004,2045000.0,2045
17,0.7800000000000004,2863000.0,2863
16,0.7800000000000004,2454000.0,2454
19,0.7800000000000004,3681000.0,3681
18,0.7800000000000004,3272000.0,3272
21,0.7800000000000004,6407000.0,6407
20,0.7800000000000004,4180000.0,4180
23,0.7800000000000004,6407000.0,6407
22,0.7800000000000004,6407000.0,6407
25,0.7800000000000004,6407000.0,6407
24,0.7800000000000004,6407000.0,6407
27,0.7800000000000004,6411000.0,6411
26,0.7800000000000004,6408000.0,6408
29,0.7800000000000004,7358000.0,7358
28,0.7800000000000004,6541000.0,6541
30,0.7800000000000004,8176000.0,8176
1,0.8000000000000004,839000.0,839
2,0.8000000000000004,1678000.0,1678
3,0.8000000000000004,2517000.0,2517
4,0.8000000000000004,3356000.0,3356
5,0.8000000000000004,4265000.0,4265
6,0.8000000000000004,5279000.0,5279
7,0.8000000000000004,6030000.0,6030
8,0.8000000000000004,6709000.0,6709
9,0.8000000000000004,7546000.0,7546
10,0.8000000000000004,8386000.0,8386
11,0.8000000000000004,420000.0,420
12,0.8000000000000004,839000.0,839
13,0.8000000000000004,1259000.0,1259
14,0.8000000000000004,1678000.0,1678
15,0.8000000000000004,2098000.0,2098
17,0.8000000000000004,2936000.0,2936
16,0.8000000000000004,2517000.0,2517
19,0.8000000000000004,3775000.0,3775
18,0.8000000000000004,3356000.0,3356
21,0.8000000000000004,6549000.0,6549
20,0.8000000000000004,4390000.0,4390
23,0.8000000000000004,6550000.0,6550
22,0.8000000000000004,6550000.0,6550
25,0.8000000000000004,6550000.0,6550
24,0.8000000000000004,6550000.0,6550
27,0.8000000000000004,6558000.0,6558
26,0.8000000000000004,6549000.0,6549
29,0.8000000000000004,7546000.0,7546
28,0.8000000000000004,6709000.0,6709
30,0.8000000000000004,8386000.0,8386
1,0.8200000000000004,860000.0,860
2,0.8200000000000004,1720000.0,1720
3,0.8200000000000004,2580000.0,2580
4,0.8200000000000004,3440000.0,3440
5,0.8200000000000004,4408000.0,4408
6,0.8200000000000004,5422000.0,5422
7,0.8200000000000004,6177000.0,6177
8,0.8200000000000004,6877000.0,6877
9,0.8200000000000004,7734000.0,7734
10,0.8200000000000004,8595000.0,8595
11,0.8200000000000004,430000.0,430
12,0.8200000000000004,860000.0,860
13,0.8200000000000004,1290000.0,1290
14,0.8200000000000004,1720000.0,1720
15,0.8200000000000004,2150000.0,2150
17,0.8200000000000004,3010000.0,3010
16,0.8200000000000004,2580000.0,2580
19,0.8200000000000004,3870000.0,3870
18,0.8200000000000004,3440000.0,3440
21,0.8200000000000004,6693000.0,6693
20,0.8200000000000004,4599000.0,4599
23,0.8200000000000004,6692000.0,6692
22,0.8200000000000004,6693000.0,6693
25,0.8200000000000004,6693000.0,6693
24,0.8200000000000004,6692000.0,6692
27,0.8200000000000004,6705000.0,6705
26,0.8200000000000004,6693000.0,6693
29,0.8200000000000004,7735000.0,7735
28,0.8200000000000004,6876000.0,6876
30,0.8200000000000004,8595000.0,8595
1,0.8400000000000004,881000.0,881
2,0.8400000000000004,1762000.0,1762
3,0.8400000000000004,2643000.0,2643
4,0.8400000000000004,3524000.0,3524
5,0.8400000000000004,4551000.0,4551
6,0.8400000000000004,5565000.0,5565
7,0.8400000000000004,6324000.0,6324
8,0.8400000000000004,7044000.0,7044
9,0.8400000000000004,7923000.0,7923
10,0.8400000000000004,8805000.0,8805
11,0.8400000000000004,441000.0,441
12,0.8400000000000004,881000.0,881
13,0.8400000000000004,1322000.0,1322
14,0.8400000000000004,1762000.0,1762
15,0.8400000000000004,2202000.0,2202
17,0.8400000000000004,3083000.0,3083
16,0.8400000000000004,2643000.0,2643
19,0.8400000000000004,3964000.0,3964
18,0.8400000000000004,3523000.0,3523
21,0.8400000000000004,6835000.0,6835
20,0.8400000000000004,4809000.0,4809
23,0.8400000000000004,6835000.0,6835
22,0.8400000000000004,6835000.0,6835
25,0.8400000000000004,6836000.0,6836
24,0.8400000000000004,6835000.0,6835
27,0.8400000000000004,6852000.0,6852
26,0.8400000000000004,6835000.0,6835
29,0.8400000000000004,7924000.0,7924
28,0.8400000000000004,7044000.0,7044
30,0.8400000000000004,8805000.0,8805
1,0.8600000000000004,902000.0,902
2,0.8600000000000004,1804000.0,1804
3,0.8600000000000004,2706000.0,2706
4,0.8600000000000004,3607000.0,3607
5,0.8600000000000004,4687000.0,4687
6,0.8600000000000004,5701000.0,5701
7,0.8600000000000004,6470000.0,6470
8,0.8600000000000004,7212000.0,7212
9,0.8600000000000004,8112000.0,8112
10,0.8600000000000004,9015000.0,9015
11,0.8600000000000004,451000.0,451
12,0.8600000000000004,902000.0,902
13,0.8600000000000004,1353000.0,1353
14,0.8600000000000004,1804000.0,1804
15,0.8600000000000004,2255000.0,2255
17,0.8600000000000004,3156000.0,3156
16,0.8600000000000004,2706000.0,2706
19,0.8600000000000004,4118000.0,4118
18,0.8600000000000004,3607000.0,3607
21,0.8600000000000004,6970000.0,6970
20,0.8600000000000004,5019000.0,5019
23,0.8600000000000004,6971000.0,6971
22,0.8600000000000004,6970000.0,6970
25,0.8600000000000004,6971000.0,6971
24,0.8600000000000004,6970000.0,6970
27,0.8600000000000004,6998000.0,6998
26,0.8600000000000004,6972000.0,6972
29,0.8600000000000004,8112000.0,8112
28,0.8600000000000004,7212000.0,7212
30,0.8600000000000004,9015000.0,9015
1,0.8800000000000004,923000.0,923
2,0.8800000000000004,1846000.0,1846
3,0.8800000000000004,2769000.0,2769
4,0.8800000000000004,3691000.0,3691
5,0.8800000000000004,4818000.0,4818
6,0.8800000000000004,5832000.0,5832
7,0.8800000000000004,6617000.0,6617
8,0.8800000000000004,7380000.0,7380
9,0.8800000000000004,8300000.0,8300
10,0.8800000000000004,9225000.0,9225
11,0.8800000000000004,462000.0,462
12,0.8800000000000004,923000.0,923
13,0.8800000000000004,1385000.0,1385
14,0.8800000000000004,1846000.0,1846
15,0.8800000000000004,2307000.0,2307
17,0.8800000000000004,3230000.0,3230
16,0.8800000000000004,2769000.0,2769
19,0.8800000000000004,4306000.0,4306
18,0.8800000000000004,3691000.0,3691
21,0.8800000000000004,7101000.0,7101
20,0.8800000000000004,5228000.0,5228
23,0.8800000000000004,7102000.0,7102
22,0.8800000000000004,7101000.0,7101
25,0.8800000000000004,7101000.0,7101
24,0.8800000000000004,7102000.0,7102
27,0.8800000000000004,7145000.0,7145
26,0.8800000000000004,7102000.0,7102
29,0.8800000000000004,8301000.0,8301
28,0.8800000000000004,7380000.0,7380
30,0.8800000000000004,9224000.0,9224
1,0.9000000000000005,944000.0,944
2,0.9000000000000005,1888000.0,1888
3,0.9000000000000005,2832000.0,2832
4,0.9000000000000005,3775000.0,3775
5,0.9000000000000005,4948000.0,4948
6,0.9000000000000005,5964000.0,5964
7,0.9000000000000005,6764000.0,6764
8,0.9000000000000005,7547000.0,7547
9,0.9000000000000005,8489000.0,8489
10,0.9000000000000005,9434000.0,9434
11,0.9000000000000005,472000.0,472
12,0.9000000000000005,944000.0,944
13,0.9000000000000005,1416000.0,1416
14,0.9000000000000005,1888000.0,1888
15,0.9000000000000005,2360000.0,2360
17,0.9000000000000005,3303000.0,3303
16,0.9000000000000005,2832000.0,2832
19,0.9000000000000005,4495000.0,4495
18,0.9000000000000005,3775000.0,3775
21,0.9000000000000005,7232000.0,7232
20,0.9000000000000005,5438000.0,5438
23,0.9000000000000005,7233000.0,7233
22,0.9000000000000005,7232000.0,7232
25,0.9000000000000005,7233000.0,7233
24,0.9000000000000005,7232000.0,7232
27,0.9000000000000005,7292000.0,7292
26,0.9000000000000005,7233000.0,7233
29,0.9000000000000005,8490000.0,8490
28,0.9000000000000005,7547000.0,7547
30,0.9000000000000005,9434000.0,9434
1,0.9200000000000005,965000.0,965
2,0.9200000000000005,1930000.0,1930
3,0.9200000000000005,2895000.0,2895
4,0.9200000000000005,3859000.0,3859
5,0.9200000000000005,5079000.0,5079
6,0.9200000000000005,6094000.0,6094
7,0.9200000000000005,6910000.0,6910
8,0.9200000000000005,7715000.0,7715
9,0.9200000000000005,8678000.0,8678
10,0.9200000000000005,9644000.0,9644
11,0.9200000000000005,483000.0,483
12,0.9200000000000005,965000.0,965
13,0.9200000000000005,1448000.0,1448
14,0.9200000000000005,1930000.0,1930
15,0.9200000000000005,2412000.0,2412
17,0.9200000000000005,3376000.0,3376
16,0.9200000000000005,2894000.0,2894
19,0.9200000000000005,4684000.0,4684
18,0.9200000000000005,3859000.0,3859
21,0.9200000000000005,7363000.0,7363
20,0.9200000000000005,5648000.0,5648
23,0.9200000000000005,7363000.0,7363
22,0.9200000000000005,7363000.0,7363
25,0.9200000000000005,7364000.0,7364
24,0.9200000000000005,7364000.0,7364
27,0.9200000000000005,7438000.0,7438
26,0.9200000000000005,7364000.0,7364
29,0.9200000000000005,8679000.0,8679
28,0.9200000000000005,7715000.0,7715
30,0.9200000000000005,9644000.0,9644
1,0.9400000000000005,986000.0,986
2,0.9400000000000005,1972000.0,1972
3,0.9400000000000005,2957000.0,2957
4,0.9400000000000005,3943000.0,3943
5,0.9400000000000005,5211000.0,5211
6,0.9400000000000005,6225000.0,6225
7,0.9400000000000005,7057000.0,7057
8,0.9400000000000005,7883000.0,7883
9,0.9400000000000005,8866000.0,8866
10,0.9400000000000005,9854000.0,9854
11,0.9400000000000005,493000.0,493
12,0.9400000000000005,986000.0,986
13,0.9400000000000005,1479000.0,1479
14,0.9400000000000005,1972000.0,1972
15,0.9400000000000005,2465000.0,2465
17,0.9400000000000005,3450000.0,3450
16,0.9400000000000005,2957000.0,2957
19,0.9400000000000005,4872000.0,4872
18,0.9400000000000005,3943000.0,3943
21,0.9400000000000005,7494000.0,7494
20,0.9400000000000005,5858000.0,5858
23,0.9400000000000005,7494000.0,7494
22,0.9400000000000005,7494000.0,7494
25,0.9400000000000005,7495000.0,7495
24,0.9400000000000005,7495000.0,7495
27,0.9400000000000005,7585000.0,7585
26,0.9400000000000005,7495000.0,7495
29,0.9400000000000005,8867000.0,8867
28,0.9400000000000005,7883000.0,7883
30,0.9400000000000005,9854000.0,9854
1,0.9600000000000005,1007000.0,1007
2,0.9600000000000005,2014000.0,2014
3,0.9600000000000005,3020000.0,3020
4,0.9600000000000005,4037000.0,4037
5,0.9600000000000005,5336000.0,5336
6,0.9600000000000005,6354000.0,6354
7,0.9600000000000005,7204000.0,7204
8,0.9600000000000005,8051000.0,8051
9,0.9600000000000005,9055000.0,9055
10,0.9600000000000005,1.0063E7,10063
11,0.9600000000000005,504000.0,504
12,0.9600000000000005,1007000.0,1007
13,0.9600000000000005,1510000.0,1510
14,0.9600000000000005,2014000.0,2014
15,0.9600000000000005,2517000.0,2517
17,0.9600000000000005,3523000.0,3523
16,0.9600000000000005,3020000.0,3020
19,0.9600000000000005,5061000.0,5061
18,0.9600000000000005,4054000.0,4054
21,0.9600000000000005,7620000.0,7620
20,0.9600000000000005,6067000.0,6067
23,0.9600000000000005,7620000.0,7620
22,0.9600000000000005,7620000.0,7620
25,0.9600000000000005,7621000.0,7621
24,0.9600000000000005,7619000.0,7619
27,0.9600000000000005,7732000.0,7732
26,0.9600000000000005,7625000.0,7625
29,0.9600000000000005,9056000.0,9056
28,0.9600000000000005,8050000.0,8050
30,0.9600000000000005,1.0063E7,10063
1,0.9800000000000005,1028000.0,1028
2,0.9800000000000005,2055000.0,2055
3,0.9800000000000005,3083000.0,3083
4,0.9800000000000005,4150000.0,4150
5,0.9800000000000005,5450000.0,5450
6,0.9800000000000005,6479000.0,6479
7,0.9800000000000005,7351000.0,7351
8,0.9800000000000005,8218000.0,8218
9,0.9800000000000005,9244000.0,9244
10,0.9800000000000005,1.0273E7,10273
11,0.9800000000000005,514000.0,514
12,0.9800000000000005,1028000.0,1028
13,0.9800000000000005,1542000.0,1542
14,0.9800000000000005,2055000.0,2055
15,0.9800000000000005,2569000.0,2569
17,0.9800000000000005,3597000.0,3597
16,0.9800000000000005,3083000.0,3083
19,0.9800000000000005,5250000.0,5250
18,0.9800000000000005,4222000.0,4222
21,0.9800000000000005,7734000.0,7734
20,0.9800000000000005,6277000.0,6277
23,0.9800000000000005,7734000.0,7734
22,0.9800000000000005,7734000.0,7734
25,0.9800000000000005,7735000.0,7735
24,0.9800000000000005,7733000.0,7733
27,0.9800000000000005,7879000.0,7879
26,0.9800000000000005,7750000.0,7750
29,0.9800000000000005,9245000.0,9245
28,0.9800000000000005,8218000.0,8218
30,0.9800000000000005,1.0273E7,10273
1,1.0000000000000004,1049000.0,1049
2,1.0000000000000004,2097000.0,2097
3,1.0000000000000004,3146000.0,3146
4,1.0000000000000004,4264000.0,4264
5,1.0000000000000004,5564000.0,5564
6,1.0000000000000004,6605000.0,6605
7,1.0000000000000004,7498000.0,7498
8,1.0000000000000004,8386000.0,8386
9,1.0000000000000004,9432000.0,9432
10,1.0000000000000004,1.0483E7,10483
11,1.0000000000000004,525000.0,525
12,1.0000000000000004,1049000.0,1049
13,1.0000000000000004,1573000.0,1573
14,1.0000000000000004,2097000.0,2097
15,1.0000000000000004,2622000.0,2622
17,1.0000000000000004,3670000.0,3670
16,1.0000000000000004,3146000.0,3146
19,1.0000000000000004,5438000.0,5438
18,1.0000000000000004,4390000.0,4390
21,1.0000000000000004,7848000.0,7848
20,1.0000000000000004,6486000.0,6486
23,1.0000000000000004,7848000.0,7848
22,1.0000000000000004,7848000.0,7848
25,1.0000000000000004,7848000.0,7848
24,1.0000000000000004,7847000.0,7847
27,1.0000000000000004,8026000.0,8026
26,1.0000000000000004,7876000.0,7876
29,1.0000000000000004,9433000.0,9433
28,1.0000000000000004,8386000.0,8386
30,1.0000000000000004,1.0482E7,10482
1,1.0200000000000005,1049000.0,1049
2,1.0200000000000005,2097000.0,2097
3,1.0200000000000005,3146000.0,3146
4,1.0200000000000005,4264000.0,4264
5,1.0200000000000005,5564000.0,5564
6,1.0200000000000005,6605000.0,6605
7,1.0200000000000005,7498000.0,7498
8,1.0200000000000005,8386000.0,8386
9,1.0200000000000005,9432000.0,9432
10,1.0200000000000005,1.0483E7,10483
11,1.0200000000000005,525000.0,525
12,1.0200000000000005,1049000.0,1049
13,1.0200000000000005,1573000.0,1573
14,1.0200000000000005,2097000.0,2097
15,1.0200000000000005,2622000.0,2622
17,1.0200000000000005,3670000.0,3670
16,1.0200000000000005,3146000.0,3146
19,1.0200000000000005,5438000.0,5438
18,1.0200000000000005,4390000.0,4390
21,1.0200000000000005,7848000.0,7848
20,1.0200000000000005,6487000.0,6487
23,1.0200000000000005,7848000.0,7848
22,1.0200000000000005,7848000.0,7848
25,1.0200000000000005,7849000.0,7849
24,1.0200000000000005,7847000.0,7847
27,1.0200000000000005,8026000.0,8026
26,1.0200000000000005,7876000.0,7876
29,1.0200000000000005,9433000.0,9433
28,1.0200000000000005,8386000.0,8386
30,1.0200000000000005,1.0482E7,10482
